,Unnamed: 0,Date,Opponent,Segment,Arena,Location,Attendance
0,0,"June 29, 1997",Phoenix Mercury,Regular season,Madison Square Garden,"New York, NY",17780
1,1,"July 2, 1997",Houston Comets,Regular season,Madison Square Garden,"New York, NY",8792
2,2,"July 10, 1997",Charlotte Sting,Regular season,Madison Square Garden,"New York, NY",9951
3,3,"July 15, 1997",Cleveland Rockers,Regular season,Madison Square Garden,"New York, NY",8554
4,4,"July 17, 1997",Utah Starzz,Regular season,Madison Square Garden,"New York, NY",9017
5,5,"July 19, 1997",Los Angeles Sparks,Regular season,Madison Square Garden,"New York, NY",16236
6,6,"July 22, 1997",Utah Starzz,Regular season,Madison Square Garden,"New York, NY",9011
7,7,"July 26, 1997",Charlotte Sting,Regular season,Madison Square Garden,"New York, NY",11502
8,8,"July 30, 1997",Sacramento Monarchs,Regular season,Madison Square Garden,"New York, NY",11934
9,9,"August 2, 1997",Phoenix Mercury,Regular season,Madison Square Garden,"New York, NY",14660
10,10,"August 5, 1997",Los Angeles Sparks,Regular season,Madison Square Garden,"New York, NY",16944
11,11,"August 15, 1997",Sacramento Monarchs,Regular season,Madison Square Garden,"New York, NY",15855
12,12,"August 17, 1997",Houston Comets,Regular season,Madison Square Garden,"New York, NY",17499
13,13,"August 24, 1997",Cleveland Rockers,Regular season,Madison Square Garden,"New York, NY",18051
14,0,"June 21, 1998",Utah Starzz,Regular season,Madison Square Garden,"New York, NY",15754
15,1,"June 23, 1998",Cleveland Rockers,Regular season,Madison Square Garden,"New York, NY",12402
16,2,"June 26, 1998",Sacramento Monarchs,Regular season,Madison Square Garden,"New York, NY",13877
17,3,"June 29, 1998",Phoenix Mercury,Regular season,Madison Square Garden,"New York, NY",12683
18,4,"July 3, 1998",Washington Mystics,Regular season,Madison Square Garden,"New York, NY",12479
19,5,"July 6, 1998",Detroit Shock,Regular season,Madison Square Garden,"New York, NY",11276
20,6,"July 8, 1998",Houston Comets,Regular season,Madison Square Garden,"New York, NY",17404
21,7,"July 12, 1998",Charlotte Sting,Regular season,Madison Square Garden,"New York, NY",14483
22,8,"July 26, 1998",Detroit Shock,Regular season,Madison Square Garden,"New York, NY",15114
23,9,"August 2, 1998",Charlotte Sting,Regular season,Madison Square Garden,"New York, NY",14684
24,10,"August 8, 1998",Los Angeles Sparks,Regular season,Madison Square Garden,"New York, NY",18014
25,11,"August 11, 1998",Phoenix Mercury,Regular season,Madison Square Garden,"New York, NY",15524
26,12,"August 13, 1998",Washington Mystics,Regular season,Madison Square Garden,"New York, NY",13371
27,13,"August 15, 1998",Houston Comets,Regular season,Madison Square Garden,"New York, NY",19563
28,14,"August 17, 1998",Cleveland Rockers,Regular season,Madison Square Garden,"New York, NY",17396
29,0,"June 10, 1999",Cleveland Rockers,Regular season,Madison Square Garden,"New York, NY",12411
30,1,"June 14, 1999",Washington Mystics,Regular season,Madison Square Garden,"New York, NY",12563
31,2,"June 18, 1999",Los Angeles Sparks,Regular season,Madison Square Garden,"New York, NY",13587
32,3,"June 20, 1999",Detroit Shock,Regular season,Madison Square Garden,"New York, NY",11902
33,4,"June 27, 1999",Charlotte Sting,Regular season,Madison Square Garden,"New York, NY",13337
34,5,"July 1, 1999",Phoenix Mercury,Regular season,Madison Square Garden,"New York, NY",13739
35,6,"July 5, 1999",Sacramento Monarchs,Regular season,Madison Square Garden,"New York, NY",10940
36,7,"July 11, 1999",Minnesota Lynx,Regular season,Madison Square Garden,"New York, NY",12975
37,8,"July 18, 1999",Utah Starzz,Regular season,Madison Square Garden,"New York, NY",14107
38,9,"July 20, 1999",Orlando Miracle,Regular season,Madison Square Garden,"New York, NY",11902
39,10,"July 26, 1999",Charlotte Sting,Regular season,Madison Square Garden,"New York, NY",14778
40,11,"August 1, 1999",Orlando Miracle,Regular season,Madison Square Garden,"New York, NY",14719
41,12,"August 8, 1999",Houston Comets,Regular season,Madison Square Garden,"New York, NY",19563
42,13,"August 15, 1999",Detroit Shock,Regular season,Madison Square Garden,"New York, NY",15755
43,14,"August 17, 1999",Washington Mystics,Regular season,Madison Square Garden,"New York, NY",15688
44,15,"August 19, 1999",Cleveland Rockers,Regular season,Madison Square Garden,"New York, NY",16782
45,16,"August 29, 1999",Charlotte Sting,Eastern Conference Finals,Madison Square Garden,"New York, NY",13510
46,17,"August 30, 1999",Charlotte Sting,Eastern Conference Finals,Madison Square Garden,"New York, NY",12929
47,18,"September 2, 1999",Houston Comets,Finals,Madison Square Garden,"New York, NY",17113
48,0,"June 3, 2000",Utah Starzz,Regular season,Madison Square Garden,"New York, NY",17531
49,1,"June 9, 2000",Sacramento Monarchs,Regular season,Madison Square Garden,"New York, NY",12800
50,2,"June 13, 2000",Washington Mystics,Regular season,Madison Square Garden,"New York, NY",11559
51,3,"June 18, 2000",Miami Sol,Regular season,Madison Square Garden,"New York, NY",11257
52,4,"June 21, 2000",Detroit Shock,Regular season,Madison Square Garden,"New York, NY",12123
53,5,"June 25, 2000",Los Angeles Sparks,Regular season,Madison Square Garden,"New York, NY",14717
54,6,"June 28, 2000",Phoenix Mercury,Regular season,Madison Square Garden,"New York, NY",13054
55,7,"June 30, 2000",Indiana Fever,Regular season,Madison Square Garden,"New York, NY",11953
56,8,"July 5, 2000",Portland Fire,Regular season,Madison Square Garden,"New York, NY",12693
57,9,"July 8, 2000",Miami Sol,Regular season,Madison Square Garden,"New York, NY",13124
58,10,"July 12, 2000",Charlotte Sting,Regular season,Madison Square Garden,"New York, NY",14073
59,11,"July 23, 2000",Houston Comets,Regular season,Madison Square Garden,"New York, NY",19563
60,12,"July 29, 2000",Cleveland Rockers,Regular season,Madison Square Garden,"New York, NY",16479
61,13,"July 31, 2000",Charlotte Sting,Regular season,Madison Square Garden,"New York, NY",15259
62,14,"August 4, 2000",Orlando Miracle,Regular season,Madison Square Garden,"New York, NY",17114
63,15,"August 8, 2000",Cleveland Rockers,Regular season,Madison Square Garden,"New York, NY",18663
64,16,"August 14, 2000",Washington Mystics,Eastern Conference Semifinals,Madison Square Garden,"New York, NY",15309
65,17,"August 20, 2000",Cleveland Rockers,Eastern Conference Finals,Madison Square Garden,"New York, NY",15865
66,18,"August 21, 2000",Cleveland Rockers,Eastern Conference Finals,Madison Square Garden,"New York, NY",15173
67,19,"August 24, 2000",Houston Comets,Finals,Madison Square Garden,"New York, NY",19563
68,0,"June 2, 2001",Indiana Fever,Regular season,Madison Square Garden,"New York, NY",16050
69,1,"June 4, 2001",Sacramento Monarchs,Regular season,Madison Square Garden,"New York, NY",12262
70,2,"June 12, 2001",Charlotte Sting,Regular season,Madison Square Garden,"New York, NY",13150
71,3,"June 16, 2001",Washington Mystics,Regular season,Madison Square Garden,"New York, NY",15118
72,4,"June 24, 2001",Los Angeles Sparks,Regular season,Madison Square Garden,"New York, NY",17084
73,5,"June 30, 2001",Orlando Miracle,Regular season,Madison Square Garden,"New York, NY",15354
74,6,"July 2, 2001",Detroit Shock,Regular season,Madison Square Garden,"New York, NY",14052
75,7,"July 9, 2001",Indiana Fever,Regular season,Madison Square Garden,"New York, NY",13791
76,8,"July 11, 2001",Seattle Storm,Regular season,Madison Square Garden,"New York, NY",14176
77,9,"July 13, 2001",Minnesota Lynx,Regular season,Madison Square Garden,"New York, NY",15770
78,10,"July 22, 2001",Miami Sol,Regular season,Madison Square Garden,"New York, NY",18132
79,11,"August 1, 2001",Detroit Shock,Regular season,Madison Square Garden,"New York, NY",15223
80,12,"August 4, 2001",Cleveland Rockers,Regular season,Madison Square Garden,"New York, NY",18009
81,13,"August 8, 2001",Utah Starzz,Regular season,Madison Square Garden,"New York, NY",17018
82,14,"August 10, 2001",Orlando Miracle,Regular season,Madison Square Garden,"New York, NY",17163
83,15,"August 14, 2001",Washington Mystics,Regular season,Madison Square Garden,"New York, NY",18213
84,16,"August 19, 2001",Miami Sol,Eastern Conference Semifinals,Madison Square Garden,"New York, NY",14004
85,17,"August 21, 2001",Miami Sol,Eastern Conference Semifinals,Madison Square Garden,"New York, NY",15750
86,18,"August 26, 2001",Charlotte Sting,Eastern Conference Finals,Madison Square Garden,"New York, NY",17429
87,19,"August 27, 2001",Charlotte Sting,Eastern Conference Finals,Madison Square Garden,"New York, NY",14006
88,0,"June 2, 2002",Miami Sol,Regular season,Madison Square Garden,"New York, NY",14674
89,1,"June 5, 2002",Detroit Shock,Regular season,Madison Square Garden,"New York, NY",13181
90,2,"June 16, 2002",Charlotte Sting,Regular season,Madison Square Garden,"New York, NY",13231
91,3,"June 18, 2002",Orlando Miracle,Regular season,Madison Square Garden,"New York, NY",12705
92,4,"June 25, 2002",Indiana Fever,Regular season,Madison Square Garden,"New York, NY",12444
93,5,"June 28, 2002",Cleveland Rockers,Regular season,Madison Square Garden,"New York, NY",12037
94,6,"June 30, 2002",Portland Fire,Regular season,Madison Square Garden,"New York, NY",13146
95,7,"July 2, 2002",Seattle Storm,Regular season,Madison Square Garden,"New York, NY",14401
96,8,"July 8, 2002",Phoenix Mercury,Regular season,Madison Square Garden,"New York, NY",15629
97,9,"July 18, 2002",Los Angeles Sparks,Regular season,Madison Square Garden,"New York, NY",15619
98,10,"July 22, 2002",Cleveland Rockers,Regular season,Madison Square Garden,"New York, NY",13719
99,11,"July 28, 2002",Houston Comets,Regular season,Madison Square Garden,"New York, NY",17368
100,12,"August 2, 2002",Miami Sol,Regular season,Madison Square Garden,"New York, NY",15344
101,13,"August 6, 2002",Minnesota Lynx,Regular season,Madison Square Garden,"New York, NY",14062
102,14,"August 8, 2002",Washington Mystics,Regular season,Madison Square Garden,"New York, NY",17594
103,15,"August 11, 2002",Charlotte Sting,Regular season,Madison Square Garden,"New York, NY",19563
104,16,"August 18, 2002",Indiana Fever,Eastern Conference Semifinals,Madison Square Garden,"New York, NY",10988
105,17,"August 20, 2002",Indiana Fever,Eastern Conference Semifinals,Madison Square Garden,"New York, NY",12471
106,18,"August 24, 2002",Washington Mystics,Eastern Conference Finals,Madison Square Garden,"New York, NY",13851
107,19,"August 25, 2002",Washington Mystics,Eastern Conference Finals,Madison Square Garden,"New York, NY",11780
108,20,"August 29, 2002",Los Angeles Sparks,Finals,Madison Square Garden,"New York, NY",17666
109,0,"June 1, 2003",Washington Mystics,Regular season,Madison Square Garden,"New York, NY",15045
110,1,"June 10, 2003",Cleveland Rockers,Regular season,Madison Square Garden,"New York, NY",12365
111,2,"June 14, 2003",Los Angeles Sparks,Regular season,Madison Square Garden,"New York, NY",14021
112,3,"June 17, 2003",Sacramento Monarchs,Regular season,Madison Square Garden,"New York, NY",10711
113,4,"June 22, 2003",Charlotte Sting,Regular season,Madison Square Garden,"New York, NY",12004
114,5,"June 25, 2003",Phoenix Mercury,Regular season,Madison Square Garden,"New York, NY",10021
115,6,"June 27, 2003",Detroit Shock,Regular season,Madison Square Garden,"New York, NY",11110
116,7,"July 1, 2003",Connecticut Sun,Regular season,Madison Square Garden,"New York, NY",10731
117,8,"July 15, 2003",Washington Mystics,Regular season,Madison Square Garden,"New York, NY",13051
118,9,"July 18, 2003",Charlotte Sting,Regular season,Madison Square Garden,"New York, NY",11785
119,10,"July 20, 2003",Indiana Fever,Regular season,Madison Square Garden,"New York, NY",12936
120,11,"August 1, 2003",Detroit Shock,Regular season,Madison Square Garden,"New York, NY",12287
121,12,"August 3, 2003",Cleveland Rockers,Regular season,Madison Square Garden,"New York, NY",11386
122,13,"August 5, 2003",San Antonio Silver Stars,Regular season,Madison Square Garden,"New York, NY",12491
123,14,"August 16, 2003",Connecticut Sun,Regular season,Madison Square Garden,"New York, NY",13431
124,15,"August 18, 2003",Houston Comets,Regular season,Madison Square Garden,"New York, NY",13547
125,16,"August 22, 2003",Indiana Fever,Regular season,Madison Square Garden,"New York, NY",15424
126,0,"May 23, 2004",Houston Comets,Regular season,Madison Square Garden,"New York, NY",13357
127,1,"May 26, 2004",Detroit Shock,Regular season,Madison Square Garden,"New York, NY",8710
128,2,"June 11, 2004",Indiana Fever,Regular season,Madison Square Garden,"New York, NY",10510
129,3,"June 15, 2004",Seattle Storm,Regular season,Madison Square Garden,"New York, NY",9769
130,4,"June 22, 2004",Los Angeles Sparks,Regular season,Madison Square Garden,"New York, NY",13002
131,5,"July 6, 2004",Sacramento Monarchs,Regular season,Madison Square Garden,"New York, NY",9691
132,6,"July 8, 2004",Washington Mystics,Regular season,Madison Square Garden,"New York, NY",9874
133,7,"July 11, 2004",Phoenix Mercury,Regular season,Madison Square Garden,"New York, NY",12976
134,8,"July 15, 2004",Minnesota Lynx,Regular season,Madison Square Garden,"New York, NY",12799
135,9,"July 18, 2004",Charlotte Sting,Regular season,Madison Square Garden,"New York, NY",11630
136,10,"July 24, 2004",Detroit Shock,Regular season,Radio City Musical Hall,"New York, NY",5945
137,11,"July 31, 2004",Connecticut Sun,Regular season,Radio City Musical Hall,"New York, NY",5945
138,12,"September 2, 2004",Charlotte Sting,Regular season,Radio City Musical Hall,"New York, NY",5945
139,13,"September 10, 2004",Connecticut Sun,Regular season,Radio City Musical Hall,"New York, NY",5945
140,14,"September 12, 2004",San Antonio Silver Stars,Regular season,Radio City Musical Hall,"New York, NY",5945
141,15,"September 16, 2004",Indiana Fever,Regular season,Radio City Musical Hall,"New York, NY",5945
142,16,"September 19, 2004",Washington Mystics,Regular season,Madison Square Garden,"New York, NY",15698
143,17,"September 26, 2004",Detroit Shock,Eastern Conference Semifinals,Madison Square Garden,"New York, NY",11337
144,18,"September 28, 2004",Detroit Shock,Eastern Conference Semifinals,Madison Square Garden,"New York, NY",9785
145,19,"October 1, 2004",Connecticut Sun,Eastern Conference Finals,Madison Square Garden,"New York, NY",12146
146,0,"May 22, 2005",Detroit Shock,Regular season,Madison Square Garden,"New York, NY",12543
147,1,"May 26, 2005",Indiana Fever,Regular season,Madison Square Garden,"New York, NY",7897
148,2,"June 5, 2005",Washington Mystics,Regular season,Madison Square Garden,"New York, NY",8143
149,3,"June 12, 2005",Detroit Shock,Regular season,Madison Square Garden,"New York, NY",8789
150,4,"June 18, 2005",Phoenix Mercury,Regular season,Madison Square Garden,"New York, NY",12428
151,5,"June 21, 2005",San Antonio Silver Stars,Regular season,Madison Square Garden,"New York, NY",8187
152,6,"June 30, 2005",Sacramento Monarchs,Regular season,Madison Square Garden,"New York, NY",9603
153,7,"July 7, 2005",Connecticut Sun,Regular season,Madison Square Garden,"New York, NY",8386
154,8,"July 15, 2005",Minnesota Lynx,Regular season,Madison Square Garden,"New York, NY",10682
155,9,"July 27, 2005",Houston Comets,Regular season,Madison Square Garden,"New York, NY",10599
156,10,"July 31, 2005",Indiana Fever,Regular season,Madison Square Garden,"New York, NY",11381
157,11,"August 2, 2005",Connecticut Sun,Regular season,Madison Square Garden,"New York, NY",9498
158,12,"August 6, 2005",Seattle Storm,Regular season,Madison Square Garden,"New York, NY",11226
159,13,"August 10, 2005",Los Angeles Sparks,Regular season,Madison Square Garden,"New York, NY",11317
160,14,"August 14, 2005",Charlotte Sting,Regular season,Madison Square Garden,"New York, NY",9724
161,15,"August 16, 2005",Washington Mystics,Regular season,Madison Square Garden,"New York, NY",10559
162,16,"August 25, 2005",Charlotte Sting,Regular season,Madison Square Garden,"New York, NY",11509
163,17,"August 30, 2005",Indiana Fever,Eastern Conference Semifinals,Madison Square Garden,"New York, NY",7729
164,0,"June 3, 2006",Los Angeles Sparks,Regular season,Madison Square Garden,"New York, NY",14070
165,1,"June 7, 2006",Connecticut Sun,Regular season,Madison Square Garden,"New York, NY",10180
166,2,"June 13, 2006",Indiana Fever,Regular season,Madison Square Garden,"New York, NY",7797
167,3,"June 16, 2006",Houston Comets,Regular season,Madison Square Garden,"New York, NY",8904
168,4,"June 21, 2006",Washington Mystics,Regular season,Madison Square Garden,"New York, NY",8094
169,5,"June 27, 2006",Charlotte Sting,Regular season,Madison Square Garden,"New York, NY",7765
170,6,"June 30, 2006",San Antonio Silver Stars,Regular season,Madison Square Garden,"New York, NY",8050
171,7,"July 6, 2006",Sacramento Monarchs,Regular season,Madison Square Garden,"New York, NY",7751
172,8,"July 9, 2006",Phoenix Mercury,Regular season,Madison Square Garden,"New York, NY",9207
173,9,"July 22, 2006",Seattle Storm,Regular season,Madison Square Garden,"New York, NY",9172
174,10,"July 24, 2006",Connecticut Sun,Regular season,Madison Square Garden,"New York, NY",8419
175,11,"July 30, 2006",Minnesota Lynx,Regular season,Madison Square Garden,"New York, NY",9014
176,12,"August 3, 2006",Detroit Shock,Regular season,Madison Square Garden,"New York, NY",8640
177,13,"August 5, 2006",Chicago Sky,Regular season,Madison Square Garden,"New York, NY",8872
178,14,"August 8, 2006",Indiana Fever,Regular season,Madison Square Garden,"New York, NY",9043
179,15,"August 11, 2006",Charlotte Sting,Regular season,Madison Square Garden,"New York, NY",8163
180,16,"August 13, 2006",Washington Mystics,Regular season,Madison Square Garden,"New York, NY",11907
181,0,"May 20, 2007",Chicago Sky,Regular season,Madison Square Garden,"New York, NY",11341
182,1,"May 24, 2007",Washington Mystics,Regular season,Madison Square Garden,"New York, NY",10610
183,2,"June 3, 2007",Phoenix Mercury,Regular season,Madison Square Garden,"New York, NY",8535
184,3,"June 5, 2007",Indiana Fever,Regular season,Madison Square Garden,"New York, NY",7282
185,4,"June 8, 2007",Detroit Shock,Regular season,Madison Square Garden,"New York, NY",7320
186,5,"June 12, 2007",Washington Mystics,Regular season,Madison Square Garden,"New York, NY",6267
187,6,"June 22, 2007",San Antonio Silver Stars,Regular season,Madison Square Garden,"New York, NY",8625
188,7,"June 24, 2007",Indiana Fever,Regular season,Madison Square Garden,"New York, NY",7554
189,8,"July 8, 2007",Sacramento Monarchs,Regular season,Madison Square Garden,"New York, NY",8839
190,9,"July 20, 2007",Houston Comets,Regular season,Madison Square Garden,"New York, NY",8352
191,10,"July 22, 2007",Seattle Storm,Regular season,Madison Square Garden,"New York, NY",7531
192,11,"July 29, 2007",Connecticut Sun,Regular season,Madison Square Garden,"New York, NY",8303
193,12,"July 31, 2007",Los Angeles Sparks,Regular season,Madison Square Garden,"New York, NY",8685
194,13,"August 2, 2007",Minnesota Lynx,Regular season,Madison Square Garden,"New York, NY",9233
195,14,"August 12, 2007",Detroit Shock,Regular season,Madison Square Garden,"New York, NY",11247
196,15,"August 17, 2007",Connecticut Sun,Regular season,Madison Square Garden,"New York, NY",8622
197,16,"August 19, 2007",Chicago Sky,Regular season,Madison Square Garden,"New York, NY",9520
198,17,"August 24, 2007",Detroit Shock,Eastern Conference Semifinals,Madison Square Garden,"New York, NY",9976
199,0,"May 18, 2008",Connecticut Sun,Regular season,Madison Square Garden,"New York, NY",10460
200,1,"May 22, 2008",Washington Mystics,Regular season,Madison Square Garden,"New York, NY",7071
201,2,"June 3, 2008",Seattle Storm,Regular season,Madison Square Garden,"New York, NY",6928
202,3,"June 6, 2008",Houston Comets,Regular season,Madison Square Garden,"New York, NY",7358
203,4,"June 8, 2008",Sacramento Monarchs,Regular season,Madison Square Garden,"New York, NY",7056
204,5,"June 14, 2008",Minnesota Lynx,Regular season,Madison Square Garden,"New York, NY",7452
205,6,"June 22, 2008",Phoenix Mercury,Regular season,Madison Square Garden,"New York, NY",8688
206,7,"June 26, 2008",Indiana Fever,Regular season,Madison Square Garden,"New York, NY",7899
207,8,"July 12, 2008",Detroit Shock,Regular season,Madison Square Garden,"New York, NY",8661
208,9,"July 17, 2008",Washington Mystics,Regular season,Madison Square Garden,"New York, NY",8344
209,10,"July 19, 2008",Indiana Fever,Regular season,Arthur Ashe Stadium,"Queens, NY",19393
210,11,"July 25, 2008",Los Angeles Sparks,Regular season,Madison Square Garden,"New York, NY",12918
211,12,"August 28, 2008",Chicago Sky,Regular season,Madison Square Garden,"New York, NY",8566
212,13,"September 5, 2008",Atlanta Dream,Regular season,Madison Square Garden,"New York, NY",7039
213,14,"September 7, 2008",Chicago Sky,Regular season,Madison Square Garden,"New York, NY",7903
214,15,"September 9, 2008",San Antonio Silver Stars,Regular season,Madison Square Garden,"New York, NY",7994
215,16,"September 14, 2008",Detroit Shock,Regular season,Madison Square Garden,"New York, NY",10042
216,17,"September 18, 2008",Connecticut Sun,Eastern Conference Semifinals,Madison Square Garden,"New York, NY",7649
217,18,"September 26, 2008",Detroit Shock,Eastern Conference Finals,Madison Square Garden,"New York, NY",14711
218,0,"June 7, 2009",Connecticut Sun,Regular season,Madison Square Garden,"New York, NY",13397
219,1,"June 19, 2009",San Antonio Silver Stars,Regular season,Madison Square Garden,"New York, NY",8046
220,2,"June 26, 2009",Indiana Fever,Regular season,Madison Square Garden,"New York, NY",9304
221,3,"July 2, 2009",Detroit Shock,Regular season,Madison Square Garden,"New York, NY",8018
222,4,"July 9, 2009",Los Angeles Sparks,Regular season,Madison Square Garden,"New York, NY",12247
223,5,"July 11, 2009",Atlanta Dream,Regular season,Madison Square Garden,"New York, NY",8732
224,6,"July 19, 2009",Atlanta Dream,Regular season,Madison Square Garden,"New York, NY",8560
225,7,"July 23, 2009",Sacramento Monarchs,Regular season,Madison Square Garden,"New York, NY",8845
226,8,"July 26, 2009",Phoenix Mercury,Regular season,Madison Square Garden,"New York, NY",11211
227,9,"July 30, 2009",Washington Mystics,Regular season,Madison Square Garden,"New York, NY",10172
228,10,"August 14, 2009",Chicago Sky,Regular season,Madison Square Garden,"New York, NY",9832
229,11,"August 21, 2009",Connecticut Sun,Regular season,Madison Square Garden,"New York, NY",9355
230,12,"August 23, 2009",Minnesota Lynx,Regular season,Madison Square Garden,"New York, NY",8481
231,13,"August 30, 2009",Chicago Sky,Regular season,Madison Square Garden,"New York, NY",8685
232,14,"September 1, 2009",Seattle Storm,Regular season,Madison Square Garden,"New York, NY",8469
233,15,"September 8, 2009",Indiana Fever,Regular season,Madison Square Garden,"New York, NY",7583
234,16,"September 13, 2009",Washington Mystics,Regular season,Madison Square Garden,"New York, NY",15667
235,0,"May 16, 2010",Chicago Sky,Regular season,Madison Square Garden,"New York, NY",12088
236,1,"May 23, 2010",Atlanta Dream,Regular season,Madison Square Garden,"New York, NY",9548
237,2,"June 11, 2010",Atlanta Dream,Regular season,Madison Square Garden,"New York, NY",8332
238,3,"June 18, 2010",Seattle Storm,Regular season,Madison Square Garden,"New York, NY",8883
239,4,"June 22, 2010",Minnesota Lynx,Regular season,Madison Square Garden,"New York, NY",7537
240,5,"June 27, 2010",Connecticut Sun,Regular season,Madison Square Garden,"New York, NY",15293
241,6,"July 11, 2010",Chicago Sky,Regular season,Madison Square Garden,"New York, NY",9644
242,7,"July 15, 2010",Washington Mystics,Regular season,Madison Square Garden,"New York, NY",18162
243,8,"July 18, 2010",Indiana Fever,Regular season,Madison Square Garden,"New York, NY",9508
244,9,"July 27, 2010",San Antonio Silver Stars,Regular season,Madison Square Garden,"New York, NY",10712
245,10,"July 30, 2010",Los Angeles Sparks,Regular season,Madison Square Garden,"New York, NY",14307
246,11,"August 1, 2010",Connecticut Sun,Regular season,Madison Square Garden,"New York, NY",9341
247,12,"August 6, 2010",Washington Mystics,Regular season,Madison Square Garden,"New York, NY",11465
248,13,"August 14, 2010",Phoenix Mercury,Regular season,Madison Square Garden,"New York, NY",9645
249,14,"August 17, 2010",Indiana Fever,Regular season,Madison Square Garden,"New York, NY",8953
250,15,"August 19, 2010",Tulsa Shock,Regular season,Madison Square Garden,"New York, NY",8766
251,16,"August 22, 2010",Connecticut Sun,Regular season,Madison Square Garden,"New York, NY",15989
252,17,"August 26, 2010",Indiana Fever,Eastern Conference Semifinals,Madison Square Garden,"New York, NY",14624
253,18,"September 1, 2010",Indiana Fever,Eastern Conference Semifinals,Madison Square Garden,"New York, NY",16682
254,19,"September 5, 2010",Atlanta Dream,Eastern Conference Finals,Madison Square Garden,"New York, NY",14248
255,0,"June 11, 2011",Indiana Fever,Regular season,Prudential Center,"Newark, NJ",7835
256,1,"June 14, 2011",Atlanta Dream,Regular season,Prudential Center,"Newark, NJ",5725
257,2,"June 26, 2011",Los Angeles Sparks,Regular season,Prudential Center,"Newark, NJ",7625
258,3,"July 1, 2011",San Antonio Silver Stars,Regular season,Prudential Center,"Newark, NJ",6714
259,4,"July 10, 2011",Chicago Sky,Regular season,Prudential Center,"Newark, NJ",7315
260,5,"July 13, 2011",Atlanta Dream,Regular season,Prudential Center,"Newark, NJ",14314
261,6,"July 15, 2011",Connecticut Sun,Regular season,Prudential Center,"Newark, NJ",7722
262,7,"July 17, 2011",Tulsa Shock,Regular season,Prudential Center,"Newark, NJ",6735
263,8,"July 28, 2011",Washington Mystics,Regular season,Prudential Center,"Newark, NJ",6808
264,9,"July 30, 2011",Phoenix Mercury,Regular season,Prudential Center,"Newark, NJ",7214
265,10,"August 4, 2011",Chicago Sky,Regular season,Prudential Center,"Newark, NJ",10133
266,11,"August 9, 2011",Seattle Storm,Regular season,Prudential Center,"Newark, NJ",6732
267,12,"August 16, 2011",Washington Mystics,Regular season,Prudential Center,"Newark, NJ",6223
268,13,"August 18, 2011",Connecticut Sun,Regular season,Prudential Center,"Newark, NJ",7245
269,14,"August 30, 2011",Chicago Sky,Regular season,Prudential Center,"Newark, NJ",6334
270,15,"September 4, 2011",Minnesota Lynx,Regular season,Prudential Center,"Newark, NJ",8247
271,16,"September 9, 2011",Indiana Fever,Regular season,Prudential Center,"Newark, NJ",8015
272,17,"September 17, 2011",Indiana Fever,Eastern Conference Semifinals,Prudential Center,"Newark, NJ",8508
273,0,"May 19, 2012",Connecticut Sun,Regular season,Madison Square Garden,"New York, NY",8112
274,1,"May 22, 2012",Minnesota Lynx,Regular season,Prudential Center,"Newark, NJ",5411
275,2,"June 3, 2012",Indiana Fever,Regular season,Prudential Center,"Newark, NJ",4905
276,3,"June 5, 2012",Atlanta Dream,Regular season,Prudential Center,"Newark, NJ",4823
277,4,"June 10, 2012",Chicago Sky,Regular season,Prudential Center,"Newark, NJ",5908
278,5,"June 24, 2012",Atlanta Dream,Regular season,Prudential Center,"Newark, NJ",6754
279,6,"June 30, 2012",Seattle Storm,Regular season,Prudential Center,"Newark, NJ",6724
280,7,"July 8, 2012",San Antonio Silver Stars,Regular season,Prudential Center,"Newark, NJ",7714
281,8,"July 13, 2012",Washington Mystics,Regular season,Prudential Center,"Newark, NJ",14715
282,9,"August 16, 2012",Connecticut Sun,Regular season,Prudential Center,"Newark, NJ",5865
283,10,"August 30, 2012",Indiana Fever,Regular season,Prudential Center,"Newark, NJ",5315
284,11,"September 1, 2012",Washington Mystics,Regular season,Prudential Center,"Newark, NJ",6245
285,12,"September 5, 2012",Phoenix Mercury,Regular season,Prudential Center,"Newark, NJ",4732
286,13,"September 7, 2012",Chicago Sky,Regular season,Prudential Center,"Newark, NJ",6145
287,14,"September 9, 2012",Los Angeles Sparks,Regular season,Prudential Center,"Newark, NJ",7357
288,15,"September 12, 2012",Washington Mystics,Regular season,Prudential Center,"Newark, NJ",5717
289,16,"September 22, 2012",Tulsa Shock,Regular season,Prudential Center,"Newark, NJ",8508
290,17,"September 29, 2012",Connecticut Sun,Eastern Conference Semifinals,Prudential Center,"Newark, NJ",7854
291,0,"May 31, 2013",Tulsa Shock,Regular season,Prudential Center,"Newark, NJ",7532
292,1,"June 5, 2013",Indiana Fever,Regular season,Prudential Center,"Newark, NJ",7617
293,2,"June 9, 2013",Atlanta Dream,Regular season,Prudential Center,"Newark, NJ",5933
294,3,"June 14, 2013",Connecticut Sun,Regular season,Prudential Center,"Newark, NJ",5845
295,4,"June 23, 2013",San Antonio Silver Stars,Regular season,Prudential Center,"Newark, NJ",6123
296,5,"July 7, 2013",Chicago Sky,Regular season,Prudential Center,"Newark, NJ",7127
297,6,"July 9, 2013",Seattle Storm,Regular season,Prudential Center,"Newark, NJ",5766
298,7,"July 13, 2013",Indiana Fever,Regular season,Prudential Center,"Newark, NJ",6772
299,8,"July 18, 2013",Chicago Sky,Regular season,Prudential Center,"Newark, NJ",12858
300,9,"August 3, 2013",Connecticut Sun,Regular season,Prudential Center,"Newark, NJ",6245
301,10,"August 6, 2013",Washington Mystics,Regular season,Prudential Center,"Newark, NJ",8907
302,11,"August 10, 2013",Los Angeles Sparks,Regular season,Prudential Center,"Newark, NJ",7569
303,12,"August 16, 2013",Washington Mystics,Regular season,Prudential Center,"Newark, NJ",6157
304,13,"August 27, 2013",Minnesota Lynx,Regular season,Prudential Center,"Newark, NJ",5997
305,14,"August 30, 2013",Indiana Fever,Regular season,Prudential Center,"Newark, NJ",6621
306,15,"September 6, 2013",Atlanta Dream,Regular season,Prudential Center,"Newark, NJ",7021
307,16,"September 10, 2013",Phoenix Mercury,Regular season,Prudential Center,"Newark, NJ",8127
308,0,"May 17, 2014",Chicago Sky,Regular season,Madison Square Garden,"New York, NY",9131
309,1,"May 27, 2014",Seattle Storm,Regular season,Madison Square Garden,"New York, NY",7259
310,2,"June 5, 2014",San Antonio Stars,Regular season,Madison Square Garden,"New York, NY",7983
311,3,"June 8, 2014",Washington Mystics,Regular season,Madison Square Garden,"New York, NY",8747
312,4,"June 13, 2014",Connecticut Sun,Regular season,Madison Square Garden,"New York, NY",7911
313,5,"June 22, 2014",Atlanta Dream,Regular season,Madison Square Garden,"New York, NY",8112
314,6,"June 27, 2014",Chicago Sky,Regular season,Madison Square Garden,"New York, NY",7911
315,7,"June 29, 2014",Connecticut Sun,Regular season,Madison Square Garden,"New York, NY",7023
316,8,"July 1, 2014",Tulsa Shock,Regular season,Madison Square Garden,"New York, NY",7414
317,9,"July 6, 2014",Minnesota Lynx,Regular season,Madison Square Garden,"New York, NY",8151
318,10,"July 11, 2014",Los Angeles Sparks,Regular season,Madison Square Garden,"New York, NY",9632
319,11,"July 16, 2014",Atlanta Dream,Regular season,Madison Square Garden,"New York, NY",17252
320,12,"July 29, 2014",Washington Mystics,Regular season,Madison Square Garden,"New York, NY",8946
321,13,"August 8, 2014",Connecticut Sun,Regular season,Madison Square Garden,"New York, NY",9125
322,14,"August 10, 2014",Indiana Fever,Regular season,Madison Square Garden,"New York, NY",8482
323,15,"August 12, 2014",Phoenix Mercury,Regular season,Madison Square Garden,"New York, NY",9617
324,16,"August 17, 2014",Indiana Fever,Regular season,Madison Square Garden,"New York, NY",9432
325,0,"June 5, 2015",Atlanta Dream,Regular season,Madison Square Garden,"New York, NY",8910
326,1,"June 9, 2015",Indiana Fever,Regular season,Madison Square Garden,"New York, NY",5663
327,2,"June 11, 2015",Phoenix Mercury,Regular season,Madison Square Garden,"New York, NY",5817
328,3,"June 14, 2015",Washington Mystics,Regular season,Madison Square Garden,"New York, NY",7629
329,4,"June 19, 2015",Indiana Fever,Regular season,Madison Square Garden,"New York, NY",7815
330,5,"June 28, 2015",Los Angeles Sparks,Regular season,Madison Square Garden,"New York, NY",8926
331,6,"July 15, 2015",San Antonio Stars,Regular season,Madison Square Garden,"New York, NY",18617
332,7,"July 16, 2015",Connecticut Sun,Regular season,Madison Square Garden,"New York, NY",8813
333,8,"August 2, 2015",Seattle Storm,Regular season,Madison Square Garden,"New York, NY",10682
334,9,"August 11, 2015",Chicago Sky,Regular season,Madison Square Garden,"New York, NY",9987
335,10,"August 15, 2015",Tulsa Shock,Regular season,Madison Square Garden,"New York, NY",9857
336,11,"August 21, 2015",Atlanta Dream,Regular season,Madison Square Garden,"New York, NY",9303
337,12,"August 28, 2015",Minnesota Lynx,Regular season,Madison Square Garden,"New York, NY",10059
338,13,"September 1, 2015",Atlanta Dream,Regular season,Madison Square Garden,"New York, NY",7482
339,14,"September 3, 2015",Chicago Sky,Regular season,Madison Square Garden,"New York, NY",8496
340,15,"September 9, 2015",Connecticut Sun,Regular season,Madison Square Garden,"New York, NY",7898
341,16,"September 11, 2015",Washington Mystics,Regular season,Madison Square Garden,"New York, NY",9741
342,17,"September 18, 2015",Washington Mystics,Eastern Conference Semifinals,Madison Square Garden,"New York, NY",10120
343,18,"September 22, 2015",Washington Mystics,Eastern Conference Semifinals,Madison Square Garden,"New York, NY",9255
344,19,"September 23, 2015",Indiana Fever,Eastern Conference Finals,Madison Square Garden,"New York, NY",7229
345,20,"September 29, 2015",Indiana Fever,Eastern Conference Finals,Madison Square Garden,"New York, NY",10120
346,0,"May 15, 2016",Dallas Wings,Regular season,Madison Square Garden,"New York, NY",10120
347,1,"May 21, 2016",Los Angeles Sparks,Regular season,Madison Square Garden,"New York, NY",9417
348,2,"May 24, 2016",Atlanta Dream,Regular season,Madison Square Garden,"New York, NY",14503
349,3,"May 31, 2016",Minnesota Lynx,Regular season,Madison Square Garden,"New York, NY",7356
350,4,"June 3, 2016",Indiana Fever,Regular season,Madison Square Garden,"New York, NY",8566
351,5,"June 14, 2016",Dallas Wings,Regular season,Madison Square Garden,"New York, NY",7939
352,6,"June 24, 2016",Chicago Sky,Regular season,Madison Square Garden,"New York, NY",10120
353,7,"June 26, 2016",Phoenix Mercury,Regular season,Madison Square Garden,"New York, NY",9591
354,8,"July 6, 2016",Seattle Storm,Regular season,Madison Square Garden,"New York, NY",9852
355,9,"July 10, 2016",San Antonio Stars,Regular season,Madison Square Garden,"New York, NY",9790
356,10,"July 13, 2016",Atlanta Dream,Regular season,Madison Square Garden,"New York, NY",11317
357,11,"July 17, 2016",Connecticut Sun,Regular season,Madison Square Garden,"New York, NY",9464
358,12,"July 21, 2016",Indiana Fever,Regular season,Madison Square Garden,"New York, NY",11253
359,13,"September 3, 2016",Phoenix Mercury,Regular season,Madison Square Garden,"New York, NY",10026
360,14,"September 7, 2016",Seattle Storm,Regular season,Madison Square Garden,"New York, NY",8159
361,15,"September 9, 2016",Connecticut Sun,Regular season,Madison Square Garden,"New York, NY",9482
362,16,"September 13, 2016",Washington Mystics,Regular season,Madison Square Garden,"New York, NY",8345
363,17,"September 24, 2016",Phoenix Mercury,Second Round,Madison Square Garden,"New York, NY",10227
364,0,"May 13, 2017",San Antonio Stars,Regular season,Madison Square Garden,"New York, NY",8207
365,1,"May 18, 2017",Minnesota Lynx,Regular season,Madison Square Garden,"New York, NY",7004
366,2,"May 30, 2017",Los Angeles Sparks,Regular season,Madison Square Garden,"New York, NY",8108
367,3,"June 2, 2017",Dallas Wings,Regular season,Madison Square Garden,"New York, NY",7426
368,4,"June 4, 2017",Phoenix Mercury,Regular season,Madison Square Garden,"New York, NY",7831
369,5,"June 7, 2017",Atlanta Dream,Regular season,Madison Square Garden,"New York, NY",14816
370,6,"June 11, 2017",Seattle Storm,Regular season,Madison Square Garden,"New York, NY",8564
371,7,"June 23, 2017",Connecticut Sun,Regular season,Madison Square Garden,"New York, NY",10240
372,8,"July 14, 2017",Chicago Sky,Regular season,Madison Square Garden,"New York, NY",9341
373,9,"July 16, 2017",Washington Mystics,Regular season,Madison Square Garden,"New York, NY",10204
374,10,"July 19, 2017",Connecticut Sun,Regular season,Madison Square Garden,"New York, NY",17443
375,11,"August 8, 2017",Indiana Fever,Regular season,Madison Square Garden,"New York, NY",10068
376,12,"August 13, 2017",Los Angeles Sparks,Regular season,Madison Square Garden,"New York, NY",10083
377,13,"August 20, 2017",Minnesota Lynx,Regular season,Madison Square Garden,"New York, NY",10007
378,14,"August 25, 2017",Washington Mystics,Regular season,Madison Square Garden,"New York, NY",9340
379,15,"August 27, 2017",Chicago Sky,Regular season,Madison Square Garden,"New York, NY",9317
380,16,"September 1, 2017",San Antonio Stars,Regular season,Madison Square Garden,"New York, NY",10108
381,17,"September 10, 2017",Washington Mystics,Second Round,Madison Square Garden,"New York, NY",9538
382,0,"May 25, 2018",Minnesota Lynx,Regular season,Westchester County Center,"White Plains, NY",2315
383,1,"May 29, 2018",Dallas Wings,Regular season,Westchester County Center,"White Plains, NY",1516
384,2,"June 5, 2018",Phoenix Mercury,Regular season,Madison Square Garden,"New York, NY",7215
385,3,"June 7, 2018",Connecticut Sun,Regular season,Westchester County Center,"White Plains, NY",1581
386,4,"June 10, 2018",Indiana Fever,Regular season,Westchester County Center,"White Plains, NY",1537
387,5,"June 13, 2018",Las Vegas Aces,Regular season,Westchester County Center,"White Plains, NY",1419
388,6,"June 19, 2018",Atlanta Dream,Regular season,Westchester County Center,"White Plains, NY",1627
389,7,"June 26, 2018",Phoenix Mercury,Regular season,Westchester County Center,"White Plains, NY",1839
390,8,"June 29, 2018",Chicago Sky,Regular season,Westchester County Center,"White Plains, NY",1837
391,9,"July 3, 2018",Seattle Storm,Regular season,Westchester County Center,"White Plains, NY",1749
392,10,"July 8, 2018",Dallas Wings,Regular season,Westchester County Center,"White Plains, NY",1719
393,11,"July 15, 2018",Chicago Sky,Regular season,Westchester County Center,"White Plains, NY",2073
394,12,"July 21, 2018",Washington Mystics,Regular season,Westchester County Center,"White Plains, NY",2005
395,13,"August 4, 2018",Indiana Fever,Regular season,Westchester County Center,"White Plains, NY",2225
396,14,"August 6, 2018",Seattle Storm,Regular season,Madison Square Garden,"New York, NY",12488
397,15,"August 8, 2018",Los Angeles Sparks,Regular season,Westchester County Center,"White Plains, NY",2481
398,16,"August 12, 2018",Atlanta Dream,Regular season,Westchester County Center,"White Plains, NY",2362
399,0,"May 24, 2019",Indiana Fever,Regular season,Westchester County Center,"White Plains, NY",1965
400,1,"June 4, 2019",Los Angeles Sparks,Regular season,Westchester County Center,"New York, NY",3579
401,2,"June 7, 2019",Washington Mystics,Regular season,Westchester County Center,"White Plains, NY",1567
402,3,"June 9, 2019",Las Vegas Aces,Regular season,Westchester County Center,"White Plains, NY",1447
403,4,"June 12, 2019",Minnesota Lynx,Regular season,Westchester County Center,"White Plains, NY",1181
404,5,"June 19, 2019",Chicago Sky,Regular season,Westchester County Center,"White Plains, NY",1585
405,6,"June 28, 2019",Dallas Wings,Regular season,Westchester County Center,"White Plains, NY",2191
406,7,"July 7, 2019",Las Vegas Aces,Regular season,Westchester County Center,"White Plains, NY",1971
407,8,"July 20, 2019",Los Angeles Sparks,Regular season,Westchester County Center,"White Plains, NY",2195
408,9,"August 4, 2019",Connecticut Sun,Regular season,Westchester County Center,"White Plains, NY",1927
409,10,"August 11, 2019",Seattle Storm,Regular season,Barclays Center,"White Plains, NY",7715
410,11,"August 13, 2019",Minnesota Lynx,Regular season,Westchester County Center,"New York, NY",1570
411,12,"August 23, 2019",Atlanta Dream,Regular season,Westchester County Center,"White Plains, NY",1831
412,13,"August 27, 2019",Phoenix Mercury,Regular season,Westchester County Center,"White Plains, NY",1693
413,14,"August 30, 2019",Connecticut Sun,Regular season,Westchester County Center,"White Plains, NY",1791
414,15,"September 3, 2019",Washington Mystics,Regular season,Westchester County Center,"White Plains, NY",1558
415,16,"September 6, 2019",Indiana Fever,Regular season,Westchester County Center,"White Plains, NY",2301
416,0,"May 14, 2021",Indiana Fever,Regular season,Barclays Center,"Brooklyn, NY",1139
417,1,"May 18, 2021",Minnesota Lynx,Regular season,Barclays Center,"Brooklyn, NY",815
418,2,"May 24, 2021",Dallas Wings,Regular season,Barclays Center,"Brooklyn, NY",894
419,3,"May 29, 2021",Atlanta Dream,Regular season,Barclays Center,"Brooklyn, NY",1235
420,4,"June 3, 2021",Las Vegas Aces,Regular season,Barclays Center,"Brooklyn, NY",1389
421,5,"June 22, 2021",Chicago Sky,Regular season,Barclays Center,"Brooklyn, NY",1419
422,6,"June 24, 2021",Chicago Sky,Regular season,Barclays Center,"Brooklyn, NY",2148
423,7,"July 3, 2021",Washington Mystics,Regular season,Barclays Center,"Brooklyn, NY",1615
424,8,"July 5, 2021",Dallas Wings,Regular season,Barclays Center,"Brooklyn, NY",1677
425,9,"July 11, 2021",Connecticut Sun,Regular season,Barclays Center,"Brooklyn, NY",1988
426,10,"August 18, 2021",Seattle Storm,Regular season,Barclays Center,"Brooklyn, NY",2103
427,11,"August 20, 2021",Seattle Storm,Regular season,Barclays Center,"Brooklyn, NY",3889
428,12,"August 22, 2021",Los Angeles Sparks,Regular season,Barclays Center,"Brooklyn, NY",0
429,13,"August 25, 2021",Phoenix Mercury,Regular season,Barclays Center,"Brooklyn, NY",1872
430,14,"August 27, 2021",Phoenix Mercury,Regular season,Barclays Center,"Brooklyn, NY",2315
431,15,"September 17, 2021",Washington Mystics,Regular season,Barclays Center,"Brooklyn, NY",3615
432,0,"May 7, 2022",Connecticut Sun,Regular season,Barclays Center,"Brooklyn, NY",6829
433,1,"May 13, 2022",Indiana Fever,Regular season,Barclays Center,"Brooklyn, NY",3289
434,2,"May 15, 2022",Dallas Wings,Regular season,Barclays Center,"Brooklyn, NY",3095
435,3,"May 17, 2022",Connecticut Sun,Regular season,Barclays Center,"Brooklyn, NY",3054
436,4,"June 1, 2022",Indiana Fever,Regular season,Barclays Center,"Brooklyn, NY",4079
437,5,"June 5, 2022",Minnesota Lynx,Regular season,Barclays Center,"Brooklyn, NY",4119
438,6,"June 7, 2022",Minnesota Lynx,Regular season,Barclays Center,"Brooklyn, NY",3196
439,7,"June 12, 2022",Chicago Sky,Regular season,Barclays Center,"Brooklyn, NY",4810
440,8,"June 16, 2022",Washington Mystics,Regular season,Barclays Center,"Brooklyn, NY",4168
441,9,"June 19, 2022",Seattle Storm,Regular season,Barclays Center,"Brooklyn, NY",6859
442,10,"June 30, 2022",Atlanta Dream,Regular season,Barclays Center,"Brooklyn, NY",6161
443,11,"July 12, 2022",Las Vegas Aces,Regular season,Barclays Center,"Brooklyn, NY",5201
444,12,"July 14, 2022",Las Vegas Aces,Regular season,Barclays Center,"Brooklyn, NY",9896
445,13,"July 23, 2022",Chicago Sky,Regular season,Barclays Center,"Brooklyn, NY",6926
446,14,"July 31, 2022",Phoenix Mercury,Regular season,Barclays Center,"Brooklyn, NY",6433
447,15,"August 2, 2022",Los Angeles Sparks,Regular season,Barclays Center,"Brooklyn, NY",4891
448,16,"August 3, 2022",Los Angeles Sparks,Regular season,Barclays Center,"Brooklyn, NY",5315
449,17,"August 14, 2022",Atlanta Dream,Regular season,Barclays Center,"Brooklyn, NY",7561
450,18,"August 23, 2022",Chicago Sky,First Round,Barclays Center,"Brooklyn, NY",7837
4,4,"June 11, 2008",New York Liberty,Regular season,Philips Arena,"Atlanta, GA",5936
13,13,"July 27, 2008",New York Liberty,Regular season,Philips Arena,"Atlanta, GA",8759
19,2,"June 21, 2009",New York Liberty,Regular season,Philips Arena,"Atlanta, GA",5624
26,9,"August 1, 2009",New York Liberty,Regular season,Philips Arena,"Atlanta, GA",6103
45,10,"July 25, 2010",New York Liberty,Regular season,Philips Arena,"Atlanta, GA",7030
49,14,"August 13, 2010",New York Liberty,Regular season,Philips Arena,"Atlanta, GA",6025
53,18,"September 7, 2010",New York Liberty,Eastern Conference Finals,Philips Arena,"Atlanta, GA",9045
55,0,"June 5, 2011",New York Liberty,Regular season,Philips Arena,"Atlanta, GA",8038
61,6,"June 30, 2011",New York Liberty,Regular season,Philips Arena,"Atlanta, GA",4423
65,10,"August 2, 2011",New York Liberty,Regular season,Philips Arena,"Atlanta, GA",4573
75,0,"May 25, 2012",New York Liberty,Regular season,Philips Arena,"Atlanta, GA",6802
82,7,"June 19, 2012",New York Liberty,Regular season,Philips Arena,"Atlanta, GA",4134
94,1,"June 7, 2013",New York Liberty,Regular season,Philips Arena,"Atlanta, GA",6173
101,8,"August 11, 2013",New York Liberty,Regular season,Philips Arena,"Atlanta, GA",4576
121,7,"June 20, 2014",New York Liberty,Regular season,Philips Arena,"Atlanta, GA",6129
128,14,"August 3, 2014",New York Liberty,Regular season,Philips Arena,"Atlanta, GA",6547
137,4,"June 21, 2015",New York Liberty,Regular season,Philips Arena,"Atlanta, GA",5805
141,8,"July 12, 2015",New York Liberty,Regular season,Philips Arena,"Atlanta, GA",6028
156,6,"June 22, 2016",New York Liberty,Regular season,Philips Arena,"Atlanta, GA",10345
173,5,"July 2, 2017",New York Liberty,Regular season,McCamish Pavilion,"Atlanta, GA",3521
181,13,"August 11, 2017",New York Liberty,Regular season,McCamish Pavilion,"Atlanta, GA",5158
195,10,"July 19, 2018",New York Liberty,Regular season,McCamish Pavilion,"Atlanta, GA",3074
211,6,"June 30, 2019",New York Liberty,Regular season,State Farm Arena,"Atlanta, GA",4359
221,16,"September 8, 2019",New York Liberty,Regular season,State Farm Arena,"Atlanta, GA",5495
229,7,"June 26, 2021",New York Liberty,Regular season,Gateway Center Arena,"Atlanta, GA",1605
230,8,"June 29, 2021",New York Liberty,Regular season,Gateway Center Arena,"Atlanta, GA",1131
246,8,"June 24, 2022",New York Liberty,Regular season,Gateway Center Arena,"Atlanta, GA",2697
255,17,"August 12, 2022",New York Liberty,Regular season,Gateway Center Arena,"Atlanta, GA",3138
2,2,"July 9, 1997",New York Liberty,Regular season,Time Warner Cable Arena,"Charlotte, NC",8913
6,6,"July 23, 1997",New York Liberty,Regular season,Time Warner Cable Arena,"Charlotte, NC",7266
19,5,"July 15, 1998",New York Liberty,Regular season,Spectrum Center,"Charlotte, NC",10424
26,12,"August 5, 1998",New York Liberty,Regular season,Spectrum Center,"Charlotte, NC",9444
30,0,"June 12, 1999",New York Liberty,Regular season,Spectrum Center,"Charlotte, NC",8150
41,11,"July 30, 1999",New York Liberty,Regular season,Spectrum Center,"Charlotte, NC",6537
46,16,"August 27, 1999",New York Liberty,Eastern Conference Finals,Spectrum Center,"Charlotte, NC",10840
60,13,"July 28, 2000",New York Liberty,Regular season,Time Warner Cable Arena,"Charlotte, NC",7485
69,6,"July 3, 2001",New York Liberty,Regular season,Spectrum Center,"Charlotte, NC",4045
78,15,"August 11, 2001",New York Liberty,Regular season,Spectrum Center,"Charlotte, NC",11737
80,17,"August 24, 2001",New York Liberty,Eastern Conference Finals,Spectrum Center,"Charlotte, NC",12843
96,14,"August 4, 2002",New York Liberty,Regular season,Spectrum Center,"Charlotte, NC",9878
111,12,"August 7, 2003",New York Liberty,Regular season,Time Warner Cable Arena,"Charlotte, NC",6681
115,16,"August 24, 2003",New York Liberty,Regular season,Time Warner Cable Arena,"Charlotte, NC",9722
119,2,"June 1, 2004",New York Liberty,Regular season,Time Warner Cable Arena,"Charlotte, NC",3098
127,10,"July 20, 2004",New York Liberty,Regular season,Time Warner Cable Arena,"Charlotte, NC",11338
140,6,"June 25, 2005",New York Liberty,Regular season,Time Warner Cable Arena,"Charlotte, NC",7007
148,14,"August 12, 2005",New York Liberty,Regular season,Time Warner Cable Arena,"Charlotte, NC",5120
165,14,"July 29, 2006",New York Liberty,Regular season,Time Warner Cable Arena,"Charlotte, NC",6310
8,8,"July 7, 2006",New York Liberty,Regular season,UIC Pavilion,"Chicago, IL",3375
11,11,"July 25, 2006",New York Liberty,Regular season,UIC Pavilion,"Chicago, IL",3435
21,4,"June 15, 2007",New York Liberty,Regular season,UIC Pavilion,"Chicago, IL",3236
33,16,"August 14, 2007",New York Liberty,Regular season,UIC Pavilion,"Chicago, IL",5443
49,15,"September 12, 2008",New York Liberty,Regular season,UIC Pavilion,"Chicago, IL",5681
58,7,"July 22, 2009",New York Liberty,Regular season,UIC Pavilion,"Chicago, IL",5881
64,13,"August 28, 2009",New York Liberty,Regular season,UIC Pavilion,"Chicago, IL",3707
71,3,"June 8, 2010",New York Liberty,Regular season,Allstate Arena,"Chicago, IL",2408
80,12,"July 23, 2010",New York Liberty,Regular season,Allstate Arena,"Chicago, IL",5256
86,1,"June 17, 2011",New York Liberty,Regular season,Allstate Arena,"Rosemont, IL",5718
100,15,"August 28, 2011",New York Liberty,Regular season,Allstate Arena,"Rosemont, IL",5707
109,7,"July 6, 2012",New York Liberty,Regular season,Allstate Arena,"Rosemont, IL",4211
113,11,"August 21, 2012",New York Liberty,Regular season,Allstate Arena,"Rosemont, IL",3638
122,3,"June 26, 2013",New York Liberty,Regular season,Allstate Arena,"Rosemont, IL",8911
126,7,"July 20, 2013",New York Liberty,Regular season,Allstate Arena,"Rosemont, IL",6037
131,12,"August 23, 2013",New York Liberty,Regular season,Allstate Arena,"Rosemont, IL",5888
144,7,"June 18, 2014",New York Liberty,Regular season,Allstate Arena,"Rosemont, IL",6716
150,13,"July 31, 2014",New York Liberty,Regular season,Allstate Arena,"Rosemont, IL",6043
159,2,"June 30, 2015",New York Liberty,Regular season,Allstate Arena,"Rosemont, IL",5048
168,11,"August 7, 2015",New York Liberty,Regular season,Allstate Arena,"Rosemont, IL",5992
183,7,"July 8, 2016",New York Liberty,Regular season,Allstate Arena,"Rosemont, IL",5633
192,16,"September 16, 2016",New York Liberty,Regular season,Allstate Arena,"Rosemont, IL",7295
206,10,"July 30, 2017",New York Liberty,Regular season,Allstate Arena,"Rosemont, IL",5834
213,0,"May 20, 2018",New York Liberty,Regular season,Wintrust Arena,"Chicago, IL",7922
221,8,"July 1, 2018",New York Liberty,Regular season,Wintrust Arena,"Chicago, IL",5382
238,8,"July 12, 2019",New York Liberty,Regular season,Wintrust Arena,"Chicago, IL",7221
241,11,"August 7, 2019",New York Liberty,Regular season,Wintrust Arena,"Chicago, IL",5797
248,0,"May 23, 2021",New York Liberty,Regular season,Wintrust Arena,"Chicago, IL",1332
268,1,"May 11, 2022",New York Liberty,Regular season,Wintrust Arena,"Chicago, IL",4935
280,13,"July 29, 2022",New York Liberty,Regular season,Wintrust Arena,"Chicago, IL",6924
285,18,"August 17, 2022",New York Liberty,First Round,Wintrust Arena,"Chicago, IL",7524
286,19,"August 20, 2022",New York Liberty,First Round,Wintrust Arena,"Chicago, IL",7732
5,5,"July 14, 1997",New York Liberty,Regular season,Quicken Loans Arena,"Cleveland, OH",6749
13,13,"August 23, 1997",New York Liberty,Regular season,Quicken Loans Arena,"Cleveland, OH",13766
14,0,"June 11, 1998",New York Liberty,Regular season,Quicken Loans Arena,"Cleveland, OH",17911
21,7,"July 16, 1998",New York Liberty,Regular season,Quicken Loans Arena,"Cleveland, OH",10326
37,6,"July 8, 1999",New York Liberty,Regular season,Quicken Loans Arena,"Cleveland, OH",8018
46,15,"August 21, 1999",New York Liberty,Regular season,Quicken Loans Arena,"Cleveland, OH",11460
54,7,"July 3, 2000",New York Liberty,Regular season,Quicken Loans Arena,"Cleveland, OH",9646
65,18,"August 17, 2000",New York Liberty,Eastern Conference Finals,Quicken Loans Arena,"Cleveland, OH",11686
67,1,"June 7, 2001",New York Liberty,Regular season,Quicken Loans Arena,"Cleveland, OH",8706
75,9,"July 19, 2001",New York Liberty,Regular season,Quicken Loans Arena,"Cleveland, OH",10121
88,4,"June 21, 2002",New York Liberty,Regular season,Quicken Loans Arena,"Cleveland, OH",9061
101,1,"May 31, 2003",New York Liberty,Regular season,Quicken Loans Arena,"Cleveland, OH",7317
114,14,"August 17, 2003",New York Liberty,Regular season,Quicken Loans Arena,"Cleveland, OH",9462
8,8,"July 6, 2003",New York Liberty,Regular season,Mohegan Sun Arena,"Uncasville, CT",6154
15,15,"August 12, 2003",New York Liberty,Regular season,Mohegan Sun Arena,"Uncasville, CT",7074
32,13,"September 3, 2004",New York Liberty,Regular season,Mohegan Sun Arena,"Uncasville, CT",7519
34,15,"September 17, 2004",New York Liberty,Regular season,Mohegan Sun Arena,"Uncasville, CT",8286
38,19,"October 3, 2004",New York Liberty,Eastern Conference Finals,Mohegan Sun Arena,"Uncasville, CT",6734
49,9,"July 28, 2005",New York Liberty,Regular season,Mohegan Sun Arena,"Uncasville, CT",6271
54,14,"August 20, 2005",New York Liberty,Regular season,Mohegan Sun Arena,"Uncasville, CT",8304
61,0,"May 20, 2006",New York Liberty,Regular season,Mohegan Sun Arena,"Uncasville, CT",8316
75,14,"August 1, 2006",New York Liberty,Regular season,Mohegan Sun Arena,"Uncasville, CT",7159
85,4,"June 20, 2007",New York Liberty,Regular season,Mohegan Sun Arena,"Uncasville, CT",6154
93,12,"July 26, 2007",New York Liberty,Regular season,Mohegan Sun Arena,"Uncasville, CT",7021
102,3,"May 30, 2008",New York Liberty,Regular season,Mohegan Sun Arena,"Uncasville, CT",7052
109,10,"July 15, 2008",New York Liberty,Regular season,Mohegan Sun Arena,"Uncasville, CT",8244
116,17,"September 20, 2008",New York Liberty,Eastern Conference Semifinals,Mohegan Sun Arena,"Uncasville, CT",7234
117,18,"September 22, 2008",New York Liberty,Eastern Conference Semifinals,Mohegan Sun Arena,"Uncasville, CT",6011
130,12,"August 19, 2009",New York Liberty,Regular season,Mohegan Sun Arena,"Uncasville, CT",6050
133,15,"September 4, 2009",New York Liberty,Regular season,Mohegan Sun Arena,"Uncasville, CT",6685
138,3,"June 4, 2010",New York Liberty,Regular season,Mohegan Sun Arena,"Uncasville, CT",6493
144,9,"July 20, 2010",New York Liberty,Regular season,Mohegan Sun Arena,"Uncasville, CT",6478
158,6,"July 19, 2011",New York Liberty,Regular season,Mohegan Sun Arena,"Uncasville, CT",6096
168,16,"September 11, 2011",New York Liberty,Regular season,Mohegan Sun Arena,"Uncasville, CT",9115
170,0,"May 20, 2012",New York Liberty,Regular season,Mohegan Sun Arena,"Uncasville, CT",7118
176,6,"June 15, 2012",New York Liberty,Regular season,Mohegan Sun Arena,"Uncasville, CT",6522
180,10,"August 18, 2012",New York Liberty,Regular season,Mohegan Sun Arena,"Uncasville, CT",8232
187,17,"September 27, 2012",New York Liberty,Eastern Conference Semifinals,Mohegan Sun Arena,"Uncasville, CT",5520
190,0,"May 25, 2013",New York Liberty,Regular season,Mohegan Sun Arena,"Uncasville, CT",7672
203,13,"August 25, 2013",New York Liberty,Regular season,Mohegan Sun Arena,"Uncasville, CT",7004
207,0,"May 16, 2014",New York Liberty,Regular season,Mohegan Sun Arena,"Uncasville, CT",6039
213,6,"June 15, 2014",New York Liberty,Regular season,Mohegan Sun Arena,"Uncasville, CT",5480
236,12,"August 14, 2015",New York Liberty,Regular season,Mohegan Sun Arena,"Uncasville, CT",5827
239,15,"August 29, 2015",New York Liberty,Regular season,Mohegan Sun Arena,"Uncasville, CT",5874
247,6,"June 16, 2016",New York Liberty,Regular season,Mohegan Sun Arena,"Uncasville, CT",4786
261,3,"June 14, 2017",New York Liberty,Regular season,Mohegan Sun Arena,"Uncasville, CT",4818
271,13,"August 18, 2017",New York Liberty,Regular season,Mohegan Sun Arena,"Uncasville, CT",7016
282,6,"July 11, 2018",New York Liberty,Regular season,Mohegan Sun Arena,"Uncasville, CT",7413
287,11,"August 1, 2018",New York Liberty,Regular season,Mohegan Sun Arena,"Uncasville, CT",6412
303,9,"July 24, 2019",New York Liberty,Regular season,Mohegan Sun Arena,"Uncasville, CT",8249
319,4,"June 5, 2021",New York Liberty,Regular season,Mohegan Sun Arena,"Uncasville, CT",2118
329,14,"September 15, 2021",New York Liberty,Regular season,Mohegan Sun Arena,"Uncasville, CT",4012
342,9,"June 22, 2022",New York Liberty,Regular season,Mohegan Sun Arena,"Uncasville, CT",4652
345,12,"July 19, 2022",New York Liberty,Regular season,Mohegan Sun Arena,"Uncasville, CT",6288
16,16,"September 11, 2016",New York Liberty,Regular season,College Park Center,"Arlington, TX",5662
22,5,"June 16, 2017",New York Liberty,Regular season,College Park Center,"Arlington, TX",3152
33,16,"September 3, 2017",New York Liberty,Regular season,College Park Center,"Arlington, TX",4701
44,10,"July 17, 2018",New York Liberty,Regular season,College Park Center,"Arlington, TX",6459
61,10,"August 1, 2019",New York Liberty,Regular season,College Park Center,"Arlington, TX",4011
64,13,"August 16, 2019",New York Liberty,Regular season,College Park Center,"Arlington, TX",4070
82,14,"September 11, 2021",New York Liberty,Regular season,College Park Center,"Arlington, TX",2888
100,16,"August 8, 2022",New York Liberty,Regular season,College Park Center,"Arlington, TX",3036
101,17,"August 10, 2022",New York Liberty,Regular season,College Park Center,"Arlington, TX",3795
5,5,"July 1, 1998",New York Liberty,Regular season,Palace of Auburn Hills,"Detroit, MI",9169
14,14,"August 19, 1998",New York Liberty,Regular season,Palace of Auburn Hills,"Detroit, MI",16246
19,4,"June 28, 1999",New York Liberty,Regular season,Palace of Auburn Hills,"Detroit, MI",7194
29,14,"August 13, 1999",New York Liberty,Regular season,Palace of Auburn Hills,"Detroit, MI",12106
33,1,"June 7, 2000",New York Liberty,Regular season,Palace of Auburn Hills,"Detroit, MI",4788
47,15,"August 9, 2000",New York Liberty,Regular season,Palace of Auburn Hills,"Detroit, MI",9124
57,9,"July 18, 2001",New York Liberty,Regular season,Palace of Auburn Hills,"Detroit, MI",13378
65,1,"June 9, 2002",New York Liberty,Regular season,Palace of Auburn Hills,"Detroit, MI",3315
70,6,"July 10, 2002",New York Liberty,Regular season,Palace of Auburn Hills,"Detroit, MI",10893
83,3,"June 20, 2003",New York Liberty,Regular season,Palace of Auburn Hills,"Detroit, MI",8014
94,14,"August 10, 2003",New York Liberty,Regular season,Palace of Auburn Hills,"Detroit, MI",8514
114,12,"July 30, 2004",New York Liberty,Regular season,Palace of Auburn Hills,"Detroit, MI",9453
117,15,"September 14, 2004",New York Liberty,Regular season,Palace of Auburn Hills,"Detroit, MI",7077
119,17,"September 24, 2004",New York Liberty,Eastern Conference Semifinals,tel,"Detroit, MI",9614
122,2,"June 3, 2005",New York Liberty,Regular season,Palace of Auburn Hills,"Detroit, MI",8314
132,12,"August 7, 2005",New York Liberty,Regular season,Palace of Auburn Hills,"Detroit, MI",8941
139,1,"June 1, 2006",New York Liberty,Regular season,Palace of Auburn Hills,"Detroit, MI",7132
151,13,"August 6, 2006",New York Liberty,Regular season,Palace of Auburn Hills,"Detroit, MI",10835
167,7,"July 6, 2007",New York Liberty,Regular season,Palace of Auburn Hills,"Detroit, MI",8949
170,10,"July 18, 2007",New York Liberty,Regular season,Palace of Auburn Hills,"Detroit, MI",14109
177,17,"August 26, 2007",New York Liberty,Eastern Conference Semifinals,Palace of Auburn Hills,"Detroit, MI",9896
178,18,"August 28, 2007",New York Liberty,Eastern Conference Semifinals,Palace of Auburn Hills,"Detroit, MI",10654
186,2,"May 25, 2008",New York Liberty,Regular season,Palace of Auburn Hills,"Detroit, MI",8068
197,13,"August 29, 2008",New York Liberty,Regular season,Palace of Auburn Hills,"Detroit, MI",11516
203,19,"September 28, 2008",New York Liberty,Eastern Conference Finals,EMU Convocation Center,"Ypsilanti, MI",7965
204,20,"September 29, 2008",New York Liberty,Eastern Conference Finals,EMU Convocation Center,"Ypsilanti, MI",7429
214,8,"August 4, 2009",New York Liberty,Regular season,Palace of Auburn Hills,"Detroit, MI",7014
222,16,"September 10, 2009",New York Liberty,Regular season,Palace of Auburn Hills,"Detroit, MI",8178
1,1,"June 26, 1997",New York Liberty,Regular season,Compaq Center,"Houston, TX",8931
3,3,"July 4, 1997",New York Liberty,Regular season,Compaq Center,"Houston, TX",10239
15,15,"August 30, 1997",New York Liberty,Finals,Compaq Center,"Houston, TX",16285
16,0,"June 13, 1998",New York Liberty,Regular season,Compaq Center,"Houston, TX",16285
39,5,"July 3, 1999",New York Liberty,Regular season,Compaq Center,"Houston, TX",12003
52,18,"September 4, 1999",New York Liberty,Finals,Compaq Center,"Houston, TX",16285
53,19,"September 5, 1999",New York Liberty,Finals,Compaq Center,"Houston, TX",16285
54,0,"May 29, 2000",New York Liberty,Regular season,Compaq Center,"Houston, TX",16285
72,18,"August 26, 2000",New York Liberty,Finals,Compaq Center,"Houston, TX",16285
83,10,"July 28, 2001",New York Liberty,Regular season,Compaq Center,"Houston, TX",14566
118,10,"July 26, 2003",New York Liberty,Regular season,Compaq Center,"Houston, TX",11019
129,2,"June 3, 2004",New York Liberty,Regular season,Compaq Center,"Houston, TX",6787
152,8,"July 12, 2005",New York Liberty,Regular season,Compaq Center,"Houston, TX",6885
167,4,"June 9, 2006",New York Liberty,Regular season,Toyota Center,"Houston, TX",7495
195,14,"August 7, 2007",New York Liberty,Regular season,Toyota Center,"Houston, TX",7209
211,13,"September 2, 2008",New York Liberty,Regular season,Reliant Arena,"Houston, TX",5166
2,2,"June 10, 2000",New York Liberty,Regular season,Bankers Life Fieldhouse,"Indianapolis, IN",11009
5,5,"June 23, 2000",New York Liberty,Regular season,Bankers Life Fieldhouse,"Indianapolis, IN",13178
24,8,"July 8, 2001",New York Liberty,Regular season,Bankers Life Fieldhouse,"Indianapolis, IN",8364
34,2,"June 8, 2002",New York Liberty,Regular season,Bankers Life Fieldhouse,"Indianapolis, IN",7021
42,10,"July 19, 2002",New York Liberty,Regular season,Bankers Life Fieldhouse,"Indianapolis, IN",6771
48,16,"August 16, 2002",New York Liberty,Eastern Conference Semifinals,Bankers Life Fieldhouse,"Indianapolis, IN",10198
50,1,"June 7, 2003",New York Liberty,Regular season,Bankers Life Fieldhouse,"Indianapolis, IN",8502
56,7,"July 10, 2003",New York Liberty,Regular season,Bankers Life Fieldhouse,"Indianapolis, IN",7192
66,0,"May 21, 2004",New York Liberty,Regular season,Bankers Life Fieldhouse,"Indianapolis, IN",8002
71,5,"June 19, 2004",New York Liberty,Regular season,Bankers Life Fieldhouse,"Indianapolis, IN",7179
86,3,"June 10, 2005",New York Liberty,Regular season,Bankers Life Fieldhouse,"Indianapolis, IN",7573
99,16,"August 27, 2005",New York Liberty,Regular season,Bankers Life Fieldhouse,"Indianapolis, IN",9823
100,17,"September 1, 2005",New York Liberty,Eastern Conference Semifinals,Bankers Life Fieldhouse,"Indianapolis, IN",5085
103,1,"May 30, 2006",New York Liberty,Regular season,Bankers Life Fieldhouse,"Indianapolis, IN",7629
124,4,"June 10, 2007",New York Liberty,Regular season,Bankers Life Fieldhouse,"Indianapolis, IN",6938
129,9,"July 12, 2007",New York Liberty,Regular season,Bankers Life Fieldhouse,"Indianapolis, IN",7095
145,5,"June 18, 2008",New York Liberty,Regular season,Bankers Life Fieldhouse,"Indianapolis, IN",6333
155,15,"September 11, 2008",New York Liberty,Regular season,Bankers Life Fieldhouse,"Indianapolis, IN",7062
162,4,"June 27, 2009",New York Liberty,Regular season,Bankers Life Fieldhouse,"Indianapolis, IN",8481
183,3,"June 5, 2010",New York Liberty,Regular season,Bankers Life Fieldhouse,"Indianapolis, IN",8090
193,13,"August 3, 2010",New York Liberty,Regular season,Bankers Life Fieldhouse,"Indianapolis, IN",7540
197,17,"August 29, 2010",New York Liberty,Eastern Conference Semifinals,Bankers Life Fieldhouse,"Indianapolis, IN",7535
199,1,"June 10, 2011",New York Liberty,Regular season,Bankers Life Fieldhouse,"Indianapolis, IN",7703
210,12,"August 13, 2011",New York Liberty,Regular season,Bankers Life Fieldhouse,"Indianapolis, IN",9237
215,17,"September 15, 2011",New York Liberty,Eastern Conference Semifinals,Bankers Life Fieldhouse,"Indianapolis, IN",7608
216,18,"September 19, 2011",New York Liberty,Eastern Conference Semifinals,Bankers Life Fieldhouse,"Indianapolis, IN",7368
220,1,"June 2, 2012",New York Liberty,Regular season,Bankers Life Fieldhouse,"Indianapolis, IN",8006
226,7,"July 10, 2012",New York Liberty,Regular season,Bankers Life Fieldhouse,"Indianapolis, IN",9216
250,9,"July 23, 2013",New York Liberty,Regular season,Bankers Life Fieldhouse,"Indianapolis, IN",7577
257,16,"September 13, 2013",New York Liberty,Regular season,Bankers Life Fieldhouse,"Indianapolis, IN",10571
263,3,"May 31, 2014",New York Liberty,Regular season,Bankers Life Fieldhouse,"Indianapolis, IN",7025
275,15,"August 14, 2014",New York Liberty,Regular season,Bankers Life Fieldhouse,"Indianapolis, IN",8030
289,9,"July 29, 2015",New York Liberty,Regular season,Bankers Life Fieldhouse,"Indianapolis, IN",6807
292,12,"August 23, 2015",New York Liberty,Regular season,Bankers Life Fieldhouse,"Indianapolis, IN",7240
296,16,"September 13, 2015",New York Liberty,Regular season,Bankers Life Fieldhouse,"Indianapolis, IN",9210
298,18,"September 27, 2015",New York Liberty,Eastern Conference Finals,Bankers Life Fieldhouse,"Indianapolis, IN",7505
307,6,"June 19, 2016",New York Liberty,Regular season,Bankers Life Fieldhouse,"Indianapolis, IN",7440
314,13,"September 1, 2016",New York Liberty,Regular season,Bankers Life Fieldhouse,"Indianapolis, IN",6524
329,10,"July 28, 2017",New York Liberty,Regular season,Bankers Life Fieldhouse,"Indianapolis, IN",6617
333,14,"August 23, 2017",New York Liberty,Regular season,Bankers Life Fieldhouse,"Indianapolis, IN",7118
339,3,"June 2, 2018",New York Liberty,Regular season,Bankers Life Fieldhouse,"Indianapolis, IN",5575
353,0,"June 1, 2019",New York Liberty,Regular season,Bankers Life Fieldhouse,"Indianapolis, IN",5003
366,13,"August 20, 2019",New York Liberty,Regular season,Bankers Life Fieldhouse,"Indianapolis, IN",5340
377,7,"June 10, 2022",New York Liberty,Regular season,Indiana Farmers Coliseum,"Indianapolis, IN",1393
4,4,"June 22, 2018",New York Liberty,Regular season,Mandalay Bay Events Center,"Las Vegas, NV",5478
15,15,"August 15, 2018",New York Liberty,Regular season,Mandalay Bay Events Center,"Las Vegas, NV",7159
19,2,"June 14, 2019",New York Liberty,Regular season,Mandalay Bay Events Center,"Las Vegas, NV",4110
42,5,"June 15, 2021",New York Liberty,Regular season,Michelob ULTRA Arena,"Las Vegas, NV",2115
43,6,"June 17, 2021",New York Liberty,Regular season,Michelob ULTRA Arena,"Las Vegas, NV",2215
67,11,"July 6, 2022",New York Liberty,Regular season,Michelob ULTRA Arena,"Las Vegas, NV",8405
0,0,"June 21, 1997",New York Liberty,Regular season,Great Western Forum,"Los Angeles, CA",14284
12,12,"August 20, 1997",New York Liberty,Regular season,Great Western Forum,"Los Angeles, CA",14457
14,0,"June 19, 1998",New York Liberty,Regular season,Great Western Forum,"Los Angeles, CA",11191
23,9,"July 21, 1998",New York Liberty,Regular season,Great Western Forum,"Los Angeles, CA",7696
37,8,"July 24, 1999",New York Liberty,Regular season,Great Western Forum,"Los Angeles, CA",6896
59,12,"July 20, 2000",New York Liberty,Regular season,Great Western Forum,"Los Angeles, CA",7269
85,0,"May 25, 2002",New York Liberty,Regular season,Staples Center,"Los Angeles, CA",11289
103,18,"August 31, 2002",New York Liberty,Finals,Staples Center,"Los Angeles, CA",13493
130,4,"June 29, 2004",New York Liberty,Regular season,Staples Center,"Los Angeles, CA",9279
153,8,"July 5, 2005",New York Liberty,Regular season,Staples Center,"Los Angeles, CA",8543
177,14,"July 18, 2006",New York Liberty,Regular season,Staples Center,"Los Angeles, CA",10343
189,6,"June 29, 2007",New York Liberty,Regular season,Staples Center,"Los Angeles, CA",8031
207,7,"July 1, 2008",New York Liberty,Regular season,Staples Center,"Los Angeles, CA",10388
226,7,"August 11, 2009",New York Liberty,Regular season,Staples Center,"Los Angeles, CA",9548
244,6,"June 29, 2010",New York Liberty,Regular season,Staples Center,"Los Angeles, CA",8602
259,3,"June 21, 2011",New York Liberty,Regular season,Staples Center,"Los Angeles, CA",10389
285,12,"August 25, 2012",New York Liberty,Regular season,Staples Center,"Los Angeles, CA",12433
298,6,"July 4, 2013",New York Liberty,Regular season,Staples Center,"Los Angeles, CA",8565
321,10,"July 23, 2014",New York Liberty,Regular season,Staples Center,"Los Angeles, CA",9089
337,8,"July 22, 2015",New York Liberty,Regular season,Staples Center,"Los Angeles, CA",7354
349,2,"June 7, 2016",New York Liberty,Regular season,Staples Center,"Los Angeles, CA",7103
356,9,"July 3, 2016",New York Liberty,Regular season,Staples Center,"Los Angeles, CA",10003
380,12,"August 4, 2017",New York Liberty,Regular season,Staples Center,"Los Angeles, CA",11617
395,6,"June 24, 2018",New York Liberty,Regular season,Staples Center,"Los Angeles, CA",9203
405,16,"August 14, 2018",New York Liberty,Regular season,Staples Center,"Los Angeles, CA",11067
408,1,"June 15, 2019",New York Liberty,Regular season,Staples Center,"Los Angeles, CA",11388
431,5,"June 20, 2021",New York Liberty,Regular season,Los Angeles Convention Center,"Los Angeles, CA",731
449,7,"July 3, 2022",New York Liberty,Regular season,Staples Center,"Los Angeles, CA",5436
14,14,"August 6, 2000",New York Liberty,Regular season,AmericanAirlines Arena,"Miami, FL",8749
16,0,"May 31, 2001",New York Liberty,Regular season,AmericanAirlines Arena,"Miami, FL",9234
19,3,"June 17, 2001",New York Liberty,Regular season,AmericanAirlines Arena,"Miami, FL",8561
32,16,"August 17, 2001",New York Liberty,Eastern Conference Semifinals,AmericanAirlines Arena,"Miami, FL",8935
45,12,"July 23, 2002",New York Liberty,Regular season,AmericanAirlines Arena,"Miami, FL",9921
6,6,"July 17, 1999",New York Liberty,Regular season,Target Center,"Minneapolis, MN",10290
24,8,"July 7, 2000",New York Liberty,Regular season,Target Center,"Minneapolis, MN",7467
39,7,"July 6, 2001",New York Liberty,Regular season,Target Center,"Minneapolis, MN",7031
67,3,"June 6, 2003",New York Liberty,Regular season,Target Center,"Minneapolis, MN",5421
83,1,"May 30, 2004",New York Liberty,Regular season,Target Center,"Minneapolis, MN",6009
110,10,"July 24, 2005",New York Liberty,Regular season,Target Center,"Minneapolis, MN",5703
123,6,"June 24, 2006",New York Liberty,Regular season,Target Center,"Minneapolis, MN",6937
137,3,"June 1, 2007",New York Liberty,Regular season,Target Center,"Minneapolis, MN",6563
157,6,"June 24, 2008",New York Liberty,Regular season,Target Center,"Minneapolis, MN",6280
171,3,"June 23, 2009",New York Liberty,Regular season,Target Center,"Minneapolis, MN",5620
199,14,"August 8, 2010",New York Liberty,Regular season,Target Center,"Minneapolis, MN",9016
217,15,"September 2, 2011",New York Liberty,Regular season,Target Center,"Minneapolis, MN",8929
229,5,"June 21, 2012",New York Liberty,Regular season,Target Center,"Minneapolis, MN",9050
258,12,"August 18, 2013",New York Liberty,Regular season,Target Center,"Minneapolis, MN",9004
268,1,"May 24, 2014",New York Liberty,Regular season,Target Center,"Minneapolis, MN",8323
301,15,"September 6, 2015",New York Liberty,Regular season,Target Center,"Minneapolis, MN",9121
315,6,"June 29, 2016",New York Liberty,Regular season,Target Center,"Minneapolis, MN",7721
319,10,"July 15, 2016",New York Liberty,Regular season,Target Center,"Minneapolis, MN",8123
340,9,"July 25, 2017",New York Liberty,Regular season,Xcel Energy Center,"St. Paul, MN",10123
356,3,"June 16, 2018",New York Liberty,Regular season,Target Center,"Minneapolis, MN",9114
365,12,"July 24, 2018",New York Liberty,Regular season,Target Center,"Minneapolis, MN",9830
376,6,"June 22, 2019",New York Liberty,Regular season,Target Center,"Minneapolis, MN",8600
396,9,"August 15, 2021",New York Liberty,Regular season,Target Center,"Minneapolis, MN",3534
398,11,"August 31, 2021",New York Liberty,Regular season,Target Center,"Minneapolis, MN",3221
406,2,"May 24, 2022",New York Liberty,Regular season,Target Center,"Minneapolis, MN",6104
10,10,"July 29, 1999",New York Liberty,Regular season,Amway Arena,"Orlando, FL",11384
12,12,"August 9, 1999",New York Liberty,Regular season,Amway Arena,"Orlando, FL",9059
24,8,"July 1, 2000",New York Liberty,Regular season,Amway Arena,"Orlando, FL",7339
27,11,"July 14, 2000",New York Liberty,Regular season,Amway Arena,"Orlando, FL",8864
36,3,"June 25, 2001",New York Liberty,Regular season,Amway Arena,"Orlando, FL",6282
53,4,"June 23, 2002",New York Liberty,Regular season,Amway Arena,"Orlando, FL",7911
64,15,"August 13, 2002",New York Liberty,Regular season,Amway Arena,"Orlando, FL",8135
1,1,"July 7, 1997",New York Liberty,Regular season,US Airways Center,"Phoenix, AZ",13731
9,9,"August 12, 1997",New York Liberty,Regular season,US Airways Center,"Phoenix, AZ",16371
14,14,"August 28, 1997",New York Liberty,Semifinals,US Airways Center,"Phoenix, AZ",16751
23,8,"July 18, 1998",New York Liberty,Regular season,US Airways Center,"Phoenix, AZ",14655
42,10,"August 6, 1999",New York Liberty,Regular season,US Airways Center,"Phoenix, AZ",12884
48,0,"May 31, 2000",New York Liberty,Regular season,US Airways Center,"Phoenix, AZ",10540
70,5,"June 21, 2001",New York Liberty,Regular season,US Airways Center,"Phoenix, AZ",8638
106,9,"July 29, 2003",New York Liberty,Regular season,US Airways Center,"Phoenix, AZ",8811
121,7,"June 24, 2004",New York Liberty,Regular season,US Airways Center,"Phoenix, AZ",7975
138,7,"July 21, 2005",New York Liberty,Regular season,US Airways Center,"Phoenix, AZ",6431
158,10,"July 16, 2006",New York Liberty,Regular season,US Airways Center,"Phoenix, AZ",6727
179,14,"August 9, 2007",New York Liberty,Regular season,US Airways Center,"Phoenix, AZ",6971
192,6,"July 5, 2008",New York Liberty,Regular season,US Airways Center,"Phoenix, AZ",6481
204,1,"June 10, 2009",New York Liberty,Regular season,US Airways Center,"Phoenix, AZ",5080
236,9,"July 3, 2010",New York Liberty,Regular season,US Airways Center,"Phoenix, AZ",6780
259,13,"August 23, 2011",New York Liberty,Regular season,US Airways Center,"Phoenix, AZ",8871
274,9,"August 23, 2012",New York Liberty,Regular season,US Airways Center,"Phoenix, AZ",7039
286,4,"July 2, 2013",New York Liberty,Regular season,US Airways Center,"Phoenix, AZ",7636
312,11,"July 26, 2014",New York Liberty,Regular season,US Airways Center,"Phoenix, AZ",9527
330,7,"July 18, 2015",New York Liberty,Regular season,US Airways Center,"Phoenix, AZ",10096
350,8,"July 1, 2016",New York Liberty,Regular season,Talking Stick Resort Arena,"Phoenix, AZ",11606
362,2,"May 23, 2017",New York Liberty,Regular season,Talking Stick Resort Arena,"Phoenix, AZ",7886
368,8,"July 9, 2017",New York Liberty,Regular season,Talking Stick Resort Arena,"Phoenix, AZ",9413
395,16,"August 19, 2018",New York Liberty,Regular season,Talking Stick Resort Arena,"Phoenix, AZ",13106
403,4,"July 5, 2019",New York Liberty,Regular season,Talking Stick Resort Arena,"Phoenix, AZ",9560
411,12,"August 18, 2019",New York Liberty,Regular season,Talking Stick Resort Arena,"Phoenix, AZ",9145
421,5,"June 13, 2021",New York Liberty,Regular season,Phoenix Suns Arena,"Phoenix, AZ",4476
432,16,"September 23, 2021",New York Liberty,First Round,Grand Canyon University Arena,"Phoenix, AZ",5827
446,9,"July 7, 2022",New York Liberty,Regular season,Footprint Center,"Phoenix, AZ",6158
451,14,"August 6, 2022",New York Liberty,Regular season,Footprint Center,"Phoenix, AZ",11724
26,10,"July 24, 2001",New York Liberty,Regular season,Moda Center,"Portland, OR",8038
32,0,"May 29, 2002",New York Liberty,Regular season,Moda Center,"Portland, OR",9386
0,0,"June 23, 1997",New York Liberty,Regular season,ARCO Arena,"Sacramento, CA",15259
11,11,"August 10, 1997",New York Liberty,Regular season,ARCO Arena,"Sacramento, CA",10162
16,2,"June 18, 1998",New York Liberty,Regular season,ARCO Arena,"Sacramento, CA",6053
23,9,"July 24, 1998",New York Liberty,Regular season,ARCO Arena,"Sacramento, CA",8023
35,6,"July 22, 1999",New York Liberty,Regular season,ARCO Arena,"Sacramento, CA",9467
67,5,"June 19, 2001",New York Liberty,Regular season,ARCO Arena,"Sacramento, CA",7648
81,1,"June 13, 2002",New York Liberty,Regular season,ARCO Arena,"Sacramento, CA",6661
105,9,"July 24, 2003",New York Liberty,Regular season,ARCO Arena,"Sacramento, CA",7402
122,7,"July 1, 2004",New York Liberty,Regular season,ARCO Arena,"Sacramento, CA",7826
142,8,"July 22, 2005",New York Liberty,Regular season,ARCO Arena,"Sacramento, CA",6490
167,12,"July 20, 2006",New York Liberty,Regular season,ARCO Arena,"Sacramento, CA",12876
182,6,"June 26, 2007",New York Liberty,Regular season,ARCO Arena,"Sacramento, CA",6464
200,6,"June 28, 2008",New York Liberty,Regular season,ARCO Arena,"Sacramento, CA",6878
221,9,"August 7, 2009",New York Liberty,Regular season,ARCO Arena,"Sacramento, CA",6284
21,4,"June 5, 2004",New York Liberty,Regular season,AT&T Center,"San Antonio, TX",7913
41,7,"July 2, 2005",New York Liberty,Regular season,AT&T Center,"San Antonio, TX",7227
54,3,"June 10, 2006",New York Liberty,Regular season,AT&T Center,"San Antonio, TX",8103
72,4,"June 16, 2007",New York Liberty,Regular season,AT&T Center,"San Antonio, TX",6652
98,10,"July 8, 2008",New York Liberty,Regular season,AT&T Center,"San Antonio, TX",6107
111,0,"June 13, 2009",New York Liberty,Regular season,AT&T Center,"San Antonio, TX",10572
131,2,"May 28, 2010",New York Liberty,Regular season,AT&T Center,"San Antonio, TX",5293
151,4,"July 8, 2011",New York Liberty,Regular season,AT&T Center,"San Antonio, TX",8100
180,15,"September 18, 2012",New York Liberty,Regular season,AT&T Center,"San Antonio, TX",6650
191,8,"July 25, 2013",New York Liberty,Regular season,AT&T Center,"San Antonio, TX",12086
208,8,"July 9, 2014",New York Liberty,Regular season,AT&T Center,"San Antonio, TX",5917
230,12,"August 19, 2015",New York Liberty,Regular season,Freeman Coliseum,"San Antonio, TX",3626
239,4,"June 11, 2016",New York Liberty,Regular season,AT&T Center,"San Antonio, TX",5219
246,11,"August 26, 2016",New York Liberty,Regular season,AT&T Center,"San Antonio, TX",6831
264,12,"August 1, 2017",New York Liberty,Regular season,AT&T Center,"San Antonio, TX",3430
9,9,"July 19, 2000",New York Liberty,Regular season,KeyArena,"Seattle, WA",9395
32,0,"May 30, 2002",New York Liberty,Regular season,KeyArena,"Seattle, WA",7842
57,8,"July 23, 2003",New York Liberty,Regular season,KeyArena,"Seattle, WA",8003
71,5,"June 26, 2004",New York Liberty,Regular season,Spokane Arena,"Spokane, WA",4527
97,9,"July 19, 2005",New York Liberty,Regular season,KeyArena,"Seattle, WA",7361
117,10,"July 14, 2006",New York Liberty,Regular season,KeyArena,"Seattle, WA",8755
132,7,"July 1, 2007",New York Liberty,Regular season,KeyArena,"Seattle, WA",6938
152,9,"July 3, 2008",New York Liberty,Regular season,KeyArena,"Seattle, WA",6973
173,11,"August 8, 2009",New York Liberty,Regular season,KeyArena,"Seattle, WA",7496
190,9,"July 6, 2010",New York Liberty,Regular season,KeyArena,"Seattle, WA",11012
213,11,"August 20, 2011",New York Liberty,Regular season,KeyArena,"Seattle, WA",7139
232,11,"August 26, 2012",New York Liberty,Regular season,KeyArena,"Seattle, WA",6459
242,3,"June 28, 2013",New York Liberty,Regular season,KeyArena,"Seattle, WA",7687
267,10,"July 24, 2014",New York Liberty,Regular season,KeyArena,"Seattle, WA",4863
282,8,"July 21, 2015",New York Liberty,Regular season,KeyArena,"Seattle, WA",4978
295,4,"June 5, 2016",New York Liberty,Regular season,KeyArena,"Seattle, WA",6240
310,2,"May 26, 2017",New York Liberty,Regular season,KeyArena,"Seattle, WA",5860
316,8,"July 6, 2017",New York Liberty,Regular season,KeyArena,"Seattle, WA",4397
340,15,"August 17, 2018",New York Liberty,Regular season,KeyArena,"Seattle, WA",10873
353,6,"July 3, 2019",New York Liberty,Regular season,Alaska Airlines Arena,"Seattle, WA",8710
356,9,"July 14, 2019",New York Liberty,Regular season,Alaska Airlines Arena,"Seattle, WA",6733
378,13,"September 2, 2021",New York Liberty,Regular season,Angel of the Winds Arena,"Everett, WA",3592
386,4,"May 27, 2022",New York Liberty,Regular season,Climate Pledge Arena,"Seattle, WA",10001
387,5,"May 29, 2022",New York Liberty,Regular season,Climate Pledge Arena,"Seattle, WA",10228
6,6,"June 25, 2010",New York Liberty,Regular season,BOK Center,"Tulsa, OK",4554
20,3,"June 23, 2011",New York Liberty,Regular season,BOK Center,"Tulsa, OK",4682
50,16,"September 20, 2012",New York Liberty,Regular season,BOK Center,"Tulsa, OK",5661
65,14,"September 1, 2013",New York Liberty,Regular season,BOK Center,"Tulsa, OK",5818
70,2,"June 10, 2014",New York Liberty,Regular season,BOK Center,"Tulsa, OK",4542
88,3,"June 26, 2015",New York Liberty,Regular season,BOK Center,"Tulsa, OK",5125
4,4,"July 5, 1997",New York Liberty,Regular season,EnergySolutions Arena,"Salt Lake City, UT",7689
12,12,"August 19, 1997",New York Liberty,Regular season,EnergySolutions Arena,"Salt Lake City, UT",8234
16,2,"June 15, 1998",New York Liberty,Regular season,EnergySolutions Arena,"Salt Lake City, UT",6531
39,10,"August 3, 1999",New York Liberty,Regular season,EnergySolutions Arena,"Salt Lake City, UT",6426
72,11,"July 26, 2001",New York Liberty,Regular season,EnergySolutions Arena,"Salt Lake City, UT",6463
81,3,"June 11, 2002",New York Liberty,Regular season,EnergySolutions Arena,"Salt Lake City, UT",6123
4,4,"July 5, 1998",New York Liberty,Regular season,Verizon Center,"Washington, DC",15162
10,10,"August 1, 1998",New York Liberty,Regular season,Verizon Center,"Washington, DC",18802
20,5,"July 6, 1999",New York Liberty,Regular season,Verizon Center,"Washington, DC",12701
28,13,"August 11, 1999",New York Liberty,Regular season,Verizon Center,"Washington, DC",15388
32,1,"June 4, 2000",New York Liberty,Regular season,Verizon Center,"Washington, DC",15329
43,12,"July 24, 2000",New York Liberty,Regular season,Verizon Center,"Washington, DC",17988
47,16,"August 12, 2000",New York Liberty,Eastern Conference Semifinals,Verizon Center,"Washington, DC",16331
50,2,"June 10, 2001",New York Liberty,Regular season,Verizon Center,"Washington, DC",17715
72,8,"July 13, 2002",New York Liberty,Regular season,Verizon Center,"Washington, DC",17841
79,15,"August 9, 2002",New York Liberty,Regular season,Verizon Center,"Washington, DC",18234
81,17,"August 22, 2002",New York Liberty,Eastern Conference Finals,Verizon Center,"Washington, DC",17218
95,13,"August 9, 2003",New York Liberty,Regular season,Verizon Center,"Washington, DC",13869
97,15,"August 21, 2003",New York Liberty,Regular season,Verizon Center,"Washington, DC",13779
103,4,"June 13, 2004",New York Liberty,Regular season,Verizon Center,"Washington, DC",8784
114,15,"September 9, 2004",New York Liberty,Regular season,Verizon Center,"Washington, DC",10037
119,2,"June 1, 2005",New York Liberty,Regular season,Verizon Center,"Washington, DC",11601
132,15,"August 23, 2005",New York Liberty,Regular season,Verizon Center,"Washington, DC",6010
134,0,"May 23, 2006",New York Liberty,Regular season,Verizon Center,"Washington, DC",6460
139,5,"June 17, 2006",New York Liberty,Regular season,Verizon Center,"Washington, DC",7803
165,13,"August 3, 2007",New York Liberty,Regular season,Verizon Center,"Washington, DC",6801
168,16,"August 16, 2007",New York Liberty,Regular season,Verizon Center,"Washington, DC",8483
180,11,"July 23, 2008",New York Liberty,Regular season,Verizon Center,"Washington, DC",16121
191,5,"July 18, 2009",New York Liberty,Regular season,Verizon Center,"Washington, DC",9968
199,13,"August 16, 2009",New York Liberty,Regular season,Verizon Center,"Washington, DC",10580
204,0,"May 21, 2010",New York Liberty,Regular season,Verizon Center,"Washington, DC",10158
207,3,"June 12, 2010",New York Liberty,Regular season,Verizon Center,"Washington, DC",8492
220,16,"August 20, 2010",New York Liberty,Regular season,Verizon Center,"Washington, DC",13109
230,8,"August 6, 2011",New York Liberty,Regular season,Verizon Center,"Washington, DC",10741
232,10,"August 12, 2011",New York Liberty,Regular season,Verizon Center,"Washington, DC",10092
242,3,"June 8, 2012",New York Liberty,Regular season,Verizon Center,"Washington, DC",9108
254,15,"September 16, 2012",New York Liberty,Regular season,Verizon Center,"Washington, DC",8087
265,9,"July 31, 2013",New York Liberty,Regular season,Verizon Center,"Washington, DC",6711
272,16,"September 15, 2013",New York Liberty,Regular season,Verizon Center,"Washington, DC",9454
276,2,"May 30, 2014",New York Liberty,Regular season,Verizon Center,"Washington, DC",7395
288,14,"August 5, 2014",New York Liberty,Regular season,Verizon Center,"Washington, DC",7105
290,16,"August 16, 2014",New York Liberty,Regular season,Verizon Center,"Washington, DC",9664
292,0,"June 6, 2015",New York Liberty,Regular season,Verizon Center,"Washington, DC",7400
297,5,"July 9, 2015",New York Liberty,Regular season,Verizon Center,"Washington, DC",7028
309,17,"September 20, 2015",New York Liberty,Eastern Conference Semifinals,Verizon Center,"Washington, DC",6619
310,0,"May 14, 2016",New York Liberty,Regular season,Verizon Center,"Washington, DC",11579
320,10,"July 20, 2016",New York Liberty,Regular season,Verizon Center,"Washington, DC",12778
335,8,"June 29, 2017",New York Liberty,Regular season,Capital One Arena,"Washington, DC",5490
354,8,"June 28, 2018",New York Liberty,Regular season,Capital One Arena,"Washington, DC",4473
356,10,"July 5, 2018",New York Liberty,Regular season,Capital One Arena,"Washington, DC",4674
379,13,"August 25, 2019",New York Liberty,Regular season,Entertainment and Sports Arena,"Washington, DC",4200
390,2,"May 21, 2021",New York Liberty,Regular season,Entertainment and Sports Arena,"Washington, DC",1050
409,5,"June 3, 2022",New York Liberty,Regular season,Entertainment and Sports Arena,"Washington, DC",3857
416,12,"July 21, 2022",New York Liberty,Regular season,Capital One Arena,"Washington, DC",7431
